<?xml version="1.0" encoding="UTF-8"?>

<FindBugsFilter>
  <LastVersion value="-1" relOp="NEQ"/>
  <And>
    <Bug pattern="ES_COMPARING_PARAMETER_STRING_WITH_EQ"/>
    <Class name="eu.unicore.security.util.client.HttpHostFactory"/>
    <Method name="getProtocol"/>
  </And>
  <And>
    <Bug pattern="CN_IDIOM_NO_SUPER_CALL"/>
    <Or>
      <Class name="eu.unicore.security.util.client.SimpleAuthnConfigurationImpl"/>
      <Class name="eu.unicore.security.etd.DelegationRestrictions"/>
      <Class name="eu.unicore.security.util.client.ETDClientSettings"/>
      <Class name="eu.unicore.security.util.client.SimpleClientPropertiesImpl"/>
      <Class name="eu.unicore.security.util.client.CustomHostConfiguration"/>
    </Or>
  </And>
  <And>
    <Bug pattern="SE_TRANSIENT_FIELD_NOT_RESTORED"/>
    <Class name="eu.unicore.security.HTTPAuthNTokens"/>
    <Field name="passwd"/>
  </And>
  <And>
    <Or>
		<Bug pattern="EI_EXPOSE_REP2"/>
		<Bug pattern="EI_EXPOSE_REP"/>
		<Bug pattern="MS_EXPOSE_REP"/>
    </Or>
  </And>
</FindBugsFilter>
