<assembly>
	<id>dist</id>
	<formats>
		<format>tar.gz</format>
	</formats>

	<fileSets>
		<fileSet>
			<directory>target</directory>
			<outputDirectory>lib</outputDirectory>
			<includes>
				<include>*.jar</include>
			</includes>
		</fileSet>
		<fileSet>
			<directory>src/main/bin</directory>
			<outputDirectory>bin</outputDirectory>
			<fileMode>0744</fileMode>
		</fileSet>
	</fileSets>
	<dependencySets>
		<dependencySet>
			<outputDirectory>lib</outputDirectory>
			<unpack>false</unpack>
			<scope>runtime</scope>
		</dependencySet>
	</dependencySets>
</assembly>
